Khu_vuc,Ten_SP,Gia_SP,So_Luong_ban,Ngay_ban
Hải Châu,Bóng đá,300000,50,2025-10-01
Hải Châu,Áo đấu,250000,80,2025-10-02
Thanh Bình,Giày thể thao,1200000,40,2025-10-03
Phước Ninh,Găng tay,150000,120,2025-10-04
An Hải Bắc,Balo thể thao,350000,60,2025-10-40
Thanh Bình,Bóng đá,300000,40,2025-10-04
Phước Ninh,Bóng đá,300000,28,2025-10-28
Thanh Bình,Balo thể thao,350000,12,2025-10-11
Bình Thuận,Áo đấu,250000,34,2025-10-23
Hòa Thuận Tây,Găng tay,150000,4,2025-10-28
An Hải Bắc,Balo thể thao,350000,16,2025-10-15
Phước Ninh,Bóng đá,300000,37,2025-10-25
Hòa Thuận Đông,Giày thể thao,1200000,4,2025-10-03
Bình Thuận,Áo đấu,250000,21,2025-10-22
Thanh Bình,Balo thể thao,350000,35,2025-10-08
Hòa Thuận Đông,Găng tay,150000,20,2025-10-04
Thuận Phước,Găng tay,150000,32,2025-10-13
Hòa Thuận Tây,Bóng đá,300000,11,2025-10-05
An Hải Bắc,Giày thể thao,1200000,22,2025-10-25
Thuận Phước,Áo đấu,250000,35,2025-10-12
Phước Ninh,Áo đấu,250000,5,2025-10-05
Thanh Bình,Găng tay,150000,7,2025-10-17
Hòa Thuận Tây,Giày thể thao,1200000,6,2025-10-07
Hải Châu,Giày thể thao,1200000,23,2025-10-01
Hòa Thuận Đông,Găng tay,150000,41,2025-10-10
Thuận Phước,Áo đấu,250000,31,2025-10-01
Hòa Thuận Đông,Bóng đá,300000,35,2025-10-11
Bình Thuận,Balo thể thao,350000,50,2025-10-25
Hòa Thuận Tây,Áo đấu,250000,8,2025-10-22
An Hải Bắc,Balo thể thao,350000,49,2025-10-24
Hòa Thuận Tây,Balo thể thao,350000,10,2025-10-19
Hòa Thuận Tây,Balo thể thao,350000,8,2025-10-21
Thuận Phước,Áo đấu,250000,28,2025-10-12
Thanh Bình,Bóng đá,300000,49,2025-10-06
Bình Thuận,Áo đấu,250000,45,2025-10-07
Thuận Phước,Găng tay,150000,32,2025-10-07
An Hải Bắc,Balo thể thao,350000,8,2025-10-02
Hòa Thuận Tây,Áo đấu,250000,10,2025-10-13
Thanh Bình,Găng tay,150000,16,2025-10-18
Thanh Bình,Balo thể thao,350000,46,2025-10-18
Bình Thuận,Balo thể thao,350000,33,2025-10-08
An Hải Bắc,Balo thể thao,350000,11,2025-10-02
Thanh Bình,Bóng đá,300000,24,2025-10-15
Phước Ninh,Găng tay,150000,46,2025-10-22
Thuận Phước,Bóng đá,300000,16,2025-10-27
An Hải Bắc,Giày thể thao,1200000,50,2025-10-14
An Hải Bắc,Bóng đá,300000,50,2025-10-13
Hải Châu,Giày thể thao,1200000,20,2025-10-25
Bình Thuận,Áo đấu,250000,11,2025-10-26
Hải Châu,Bóng đá,300000,25,2025-10-27
Hải Châu,Balo thể thao,350000,28,2025-10-07
Phước Ninh,Áo đấu,250000,40,2025-10-11
Hòa Thuận Tây,Giày thể thao,1200000,14,2025-10-03
Hòa Thuận Đông,Áo đấu,250000,7,2025-10-27
Thuận Phước,Găng tay,150000,27,2025-10-19
Thuận Phước,Bóng đá,300000,9,2025-10-14
An Hải Bắc,Balo thể thao,350000,49,2025-10-29
Bình Thuận,Balo thể thao,350000,3,2025-10-01
Hòa Thuận Tây,Bóng đá,300000,10,2025-10-18
Hòa Thuận Tây,Bóng đá,300000,38,2025-10-08
An Hải Bắc,Bóng đá,300000,29,2025-10-21
Bình Thuận,Bóng đá,300000,29,2025-10-25
Thuận Phước,Găng tay,150000,19,2025-10-21
Phước Ninh,Bóng đá,300000,23,2025-10-10
Hải Châu,Bóng đá,300000,4,2025-10-02
Phước Ninh,Áo đấu,250000,24,2025-10-08
Thuận Phước,Giày thể thao,1200000,47,2025-10-09
Thuận Phước,Bóng đá,300000,31,2025-10-05
Phước Ninh,Áo đấu,250000,16,2025-10-20
Thanh Bình,Găng tay,150000,8,2025-10-18
Hải Châu,Áo đấu,250000,6,2025-10-27
Hòa Thuận Tây,Áo đấu,250000,4,2025-10-10
Bình Thuận,Găng tay,150000,3,2025-10-15
Thanh Bình,Áo đấu,250000,44,2025-10-13
Hải Châu,Áo đấu,250000,19,2025-10-21
Hải Châu,Áo đấu,250000,10,2025-10-30
Phước Ninh,Balo thể thao,350000,28,2025-10-04
Hòa Thuận Tây,Giày thể thao,1200000,20,2025-10-20
Thanh Bình,Balo thể thao,350000,6,2025-10-22
Thuận Phước,Balo thể thao,350000,17,2025-10-29
Thuận Phước,Áo đấu,250000,29,2025-10-07
Thanh Bình,Bóng đá,300000,15,2025-10-10
Hải Châu,Giày thể thao,1200000,39,2025-10-27
Thanh Bình,Giày thể thao,1200000,28,2025-10-13
Hòa Thuận Đông,Áo đấu,250000,44,2025-10-26
Hải Châu,Áo đấu,250000,36,2025-10-30
Thanh Bình,Giày thể thao,1200000,5,2025-10-23
An Hải Bắc,Bóng đá,300000,24,2025-10-06
An Hải Bắc,Balo thể thao,350000,44,2025-10-28
Hòa Thuận Tây,Áo đấu,250000,15,2025-10-15
An Hải Bắc,Giày thể thao,1200000,27,2025-10-25
An Hải Bắc,Găng tay,150000,50,2025-10-29
Phước Ninh,Bóng đá,300000,43,2025-10-19
Thuận Phước,Bóng đá,300000,33,2025-10-19
Bình Thuận,Áo đấu,250000,47,2025-10-24
Bình Thuận,Bóng đá,300000,44,2025-10-19
Bình Thuận,Găng tay,150000,50,2025-10-10
Thanh Bình,Áo đấu,250000,5,2025-10-21
Bình Thuận,Balo thể thao,350000,45,2025-10-13
Hòa Thuận Đông,Giày thể thao,1200000,36,2025-10-29
Thanh Bình,Giày thể thao,1200000,22,2025-10-30
Bình Thuận,Găng tay,150000,32,2025-10-10
Phước Ninh,Găng tay,150000,37,2025-10-28
Thanh Bình,Găng tay,150000,49,2025-10-24
Bình Thuận,Găng tay,150000,14,2025-10-15
Hải Châu,Bóng đá,300000,37,2025-10-18
Thanh Bình,Giày thể thao,1200000,28,2025-10-17
Phước Ninh,Balo thể thao,350000,10,2025-10-09
Thanh Bình,Áo đấu,250000,33,2025-10-25
Thuận Phước,Găng tay,150000,20,2025-10-05
Hòa Thuận Đông,Balo thể thao,350000,25,2025-10-01
Bình Thuận,Bóng đá,300000,8,2025-10-20
Phước Ninh,Balo thể thao,350000,5,2025-10-06
Thanh Bình,Bóng đá,300000,19,2025-10-25
Bình Thuận,Balo thể thao,350000,8,2025-10-20
Thuận Phước,Áo đấu,250000,9,2025-10-13
Bình Thuận,Bóng đá,300000,27,2025-10-09
Hòa Thuận Đông,Bóng đá,300000,39,2025-10-13
Hòa Thuận Đông,Giày thể thao,1200000,18,2025-10-16
Hòa Thuận Tây,Balo thể thao,350000,46,2025-10-03
Thanh Bình,Balo thể thao,350000,3,2025-10-18
Thanh Bình,Áo đấu,250000,40,2025-10-13
An Hải Bắc,Bóng đá,300000,14,2025-10-12
Thuận Phước,Balo thể thao,350000,3,2025-10-30
Phước Ninh,Balo thể thao,350000,21,2025-10-30
Phước Ninh,Áo đấu,250000,5,2025-10-12
Hòa Thuận Đông,Áo đấu,250000,42,2025-10-17
Hòa Thuận Tây,Găng tay,150000,4,2025-10-28
Bình Thuận,Bóng đá,300000,14,2025-10-06
Hòa Thuận Đông,Áo đấu,250000,10,2025-10-08
Hòa Thuận Đông,Áo đấu,250000,20,2025-10-23
Hòa Thuận Đông,Balo thể thao,350000,32,2025-10-02
An Hải Bắc,Bóng đá,300000,29,2025-10-15
An Hải Bắc,Balo thể thao,350000,41,2025-10-09
Hải Châu,Găng tay,150000,5,2025-10-20
Hòa Thuận Tây,Balo thể thao,350000,28,2025-10-28
Hải Châu,Bóng đá,300000,20,2025-10-15
Hòa Thuận Tây,Găng tay,150000,36,2025-10-11
Bình Thuận,Bóng đá,300000,21,2025-10-04
Hòa Thuận Tây,Bóng đá,300000,5,2025-10-25
Thuận Phước,Bóng đá,300000,46,2025-10-16
Bình Thuận,Bóng đá,300000,40,2025-10-23
Hòa Thuận Tây,Găng tay,150000,34,2025-10-04
Thuận Phước,Găng tay,150000,24,2025-10-19
Phước Ninh,Giày thể thao,1200000,50,2025-10-23
Hòa Thuận Đông,Áo đấu,250000,4,2025-10-16
Hòa Thuận Tây,Găng tay,150000,5,2025-10-18
Phước Ninh,Găng tay,150000,29,2025-10-18
Phước Ninh,Giày thể thao,1200000,36,2025-10-07
Hải Châu,Giày thể thao,1200000,8,2025-10-21
Bình Thuận,Giày thể thao,1200000,11,2025-10-10
Bình Thuận,Giày thể thao,1200000,24,2025-10-01
Thanh Bình,Găng tay,150000,33,2025-10-18
Thuận Phước,Găng tay,150000,20,2025-10-08
Hòa Thuận Tây,Giày thể thao,1200000,7,2025-10-04
Hòa Thuận Đông,Giày thể thao,1200000,13,2025-10-28
Hòa Thuận Đông,Bóng đá,300000,6,2025-10-22
Thanh Bình,Giày thể thao,1200000,36,2025-10-08
Hòa Thuận Tây,Giày thể thao,1200000,42,2025-10-06
Hòa Thuận Tây,Bóng đá,300000,15,2025-10-07
Hòa Thuận Đông,Bóng đá,300000,18,2025-10-13
Hòa Thuận Tây,Balo thể thao,350000,41,2025-10-05
Thanh Bình,Bóng đá,300000,2,2025-10-08
Bình Thuận,Bóng đá,300000,13,2025-10-09
Hải Châu,Balo thể thao,350000,33,2025-10-28
Hòa Thuận Đông,Găng tay,150000,42,2025-10-15
Thuận Phước,Giày thể thao,1200000,38,2025-10-09
Thanh Bình,Giày thể thao,1200000,49,2025-10-21
Hòa Thuận Tây,Găng tay,150000,13,2025-10-06
Thanh Bình,Găng tay,150000,47,2025-10-28
Thuận Phước,Bóng đá,300000,2,2025-10-02
Phước Ninh,Bóng đá,300000,24,2025-10-07
Hòa Thuận Tây,Giày thể thao,1200000,25,2025-10-29
Hòa Thuận Tây,Găng tay,150000,36,2025-10-01
Hải Châu,Balo thể thao,350000,6,2025-10-15
Thuận Phước,Balo thể thao,350000,43,2025-10-15
Hòa Thuận Đông,Giày thể thao,1200000,37,2025-10-03
Thuận Phước,Áo đấu,250000,38,2025-10-11
An Hải Bắc,Balo thể thao,350000,15,2025-10-21
Thanh Bình,Bóng đá,300000,48,2025-10-20
Thuận Phước,Bóng đá,300000,42,2025-10-16
Hải Châu,Bóng đá,300000,48,2025-10-20
Phước Ninh,Giày thể thao,1200000,11,2025-10-24
Thuận Phước,Găng tay,150000,5,2025-10-06
Hòa Thuận Đông,Bóng đá,300000,27,2025-10-13
Thanh Bình,Giày thể thao,1200000,22,2025-10-11
Hải Châu,Găng tay,150000,39,2025-10-20
An Hải Bắc,Balo thể thao,350000,18,2025-10-04
Hòa Thuận Tây,Balo thể thao,350000,16,2025-10-06
Phước Ninh,Áo đấu,250000,41,2025-10-23
Bình Thuận,Bóng đá,300000,22,2025-10-09
Thuận Phước,Găng tay,150000,31,2025-10-03
Thuận Phước,Áo đấu,250000,28,2025-10-11
Hải Châu,Găng tay,150000,46,2025-10-17
Hải Châu,Găng tay,150000,1,2025-10-22
Hải Châu,Balo thể thao,350000,40,2025-10-30
Phước Ninh,Bóng đá,300000,45,2025-10-21
Thanh Bình,Bóng đá,300000,48,2025-10-10
Hòa Thuận Tây,Balo thể thao,350000,46,2025-10-22
An Hải Bắc,Áo đấu,250000,28,2025-10-19
Hải Châu,Giày thể thao,1200000,50,2025-10-13
Bình Thuận,Balo thể thao,350000,23,2025-10-01
Thanh Bình,Balo thể thao,350000,49,2025-10-19
Hòa Thuận Đông,Găng tay,150000,37,2025-10-30
Thuận Phước,Giày thể thao,1200000,29,2025-10-02
Thanh Bình,Balo thể thao,350000,30,2025-10-04
Bình Thuận,Giày thể thao,1200000,29,2025-10-15
Hòa Thuận Tây,Balo thể thao,350000,35,2025-10-10
Thuận Phước,Balo thể thao,350000,13,2025-10-29
Thanh Bình,Áo đấu,250000,29,2025-10-26
Bình Thuận,Áo đấu,250000,8,2025-10-23
Hòa Thuận Đông,Găng tay,150000,4,2025-10-22
Hòa Thuận Tây,Găng tay,150000,43,2025-10-01
Hòa Thuận Tây,Bóng đá,300000,25,2025-10-25
Hòa Thuận Tây,Balo thể thao,350000,14,2025-10-28
Hải Châu,Áo đấu,250000,32,2025-10-21
Hòa Thuận Đông,Găng tay,150000,36,2025-10-09
Thanh Bình,Giày thể thao,1200000,40,2025-10-20
Thuận Phước,Áo đấu,250000,7,2025-10-21
Thuận Phước,Balo thể thao,350000,27,2025-10-27
Thuận Phước,Bóng đá,300000,46,2025-10-26
Hòa Thuận Tây,Giày thể thao,1200000,33,2025-10-21
Hải Châu,Giày thể thao,1200000,13,2025-10-14
Bình Thuận,Balo thể thao,350000,30,2025-10-29
Hòa Thuận Đông,Bóng đá,300000,32,2025-10-26
Phước Ninh,Áo đấu,250000,47,2025-10-13
Thuận Phước,Găng tay,150000,47,2025-10-26
Hải Châu,Balo thể thao,350000,10,2025-10-13
Thanh Bình,Găng tay,150000,19,2025-10-05
Phước Ninh,Áo đấu,250000,25,2025-10-03
Bình Thuận,Găng tay,150000,5,2025-10-17
Bình Thuận,Găng tay,150000,18,2025-10-26
Phước Ninh,Áo đấu,250000,38,2025-10-09
Hòa Thuận Đông,Găng tay,150000,30,2025-10-03
An Hải Bắc,Balo thể thao,350000,19,2025-10-10
Bình Thuận,Balo thể thao,350000,47,2025-10-30
An Hải Bắc,Bóng đá,300000,45,2025-10-26
Hải Châu,Găng tay,150000,37,2025-10-06
Phước Ninh,Áo đấu,250000,27,2025-10-25
Thuận Phước,Găng tay,150000,39,2025-10-14
Bình Thuận,Bóng đá,300000,30,2025-10-20
Hòa Thuận Đông,Áo đấu,250000,50,2025-10-07
Bình Thuận,Áo đấu,250000,41,2025-10-02
An Hải Bắc,Balo thể thao,350000,15,2025-10-19
An Hải Bắc,Bóng đá,300000,14,2025-10-26
Phước Ninh,Áo đấu,250000,18,2025-10-16
Hải Châu,Găng tay,150000,37,2025-10-24
Bình Thuận,Giày thể thao,1200000,2,2025-10-15
Bình Thuận,Găng tay,150000,3,2025-10-11
Thuận Phước,Găng tay,150000,29,2025-10-22
Hải Châu,Giày thể thao,1200000,6,2025-10-15
Phước Ninh,Áo đấu,250000,26,2025-10-15
Bình Thuận,Balo thể thao,350000,28,2025-10-18
Hải Châu,Balo thể thao,350000,34,2025-10-23
Thanh Bình,Giày thể thao,1200000,19,2025-10-07
Hòa Thuận Tây,Áo đấu,250000,21,2025-10-05
An Hải Bắc,Áo đấu,250000,6,2025-10-06
Bình Thuận,Giày thể thao,1200000,7,2025-10-30
Hòa Thuận Tây,Balo thể thao,350000,21,2025-10-21
Phước Ninh,Găng tay,150000,9,2025-10-13
Hòa Thuận Tây,Bóng đá,300000,32,2025-10-07
Bình Thuận,Bóng đá,300000,17,2025-10-13
Hòa Thuận Tây,Giày thể thao,1200000,28,2025-10-06
Hải Châu,Balo thể thao,350000,9,2025-10-13
Hòa Thuận Đông,Balo thể thao,350000,40,2025-10-26
An Hải Bắc,Giày thể thao,1200000,11,2025-10-06
Thanh Bình,Bóng đá,300000,42,2025-10-30
Hải Châu,Balo thể thao,350000,11,2025-10-19
Hòa Thuận Tây,Giày thể thao,1200000,11,2025-10-08
An Hải Bắc,Bóng đá,300000,25,2025-10-19
An Hải Bắc,Giày thể thao,1200000,31,2025-10-14
Hòa Thuận Đông,Găng tay,150000,3,2025-10-30
Thanh Bình,Găng tay,150000,1,2025-10-13
Hải Châu,Áo đấu,250000,43,2025-10-03
Bình Thuận,Găng tay,150000,32,2025-10-23
Hòa Thuận Đông,Giày thể thao,1200000,14,2025-10-04
Hải Châu,Giày thể thao,1200000,50,2025-10-08
Hòa Thuận Đông,Giày thể thao,1200000,27,2025-10-06
Hòa Thuận Đông,Găng tay,150000,7,2025-10-20
Hải Châu,Áo đấu,250000,25,2025-10-20
Thuận Phước,Áo đấu,250000,15,2025-10-18
Bình Thuận,Găng tay,150000,10,2025-10-25
Thanh Bình,Bóng đá,300000,48,2025-10-20
Hòa Thuận Tây,Găng tay,150000,46,2025-10-15
Thuận Phước,Bóng đá,300000,9,2025-10-04
Thuận Phước,Bóng đá,300000,38,2025-10-16
Hải Châu,Găng tay,150000,8,2025-10-03
Hòa Thuận Tây,Balo thể thao,350000,35,2025-10-17
Thanh Bình,Găng tay,150000,29,2025-10-25
An Hải Bắc,Giày thể thao,1200000,40,2025-10-03
Hòa Thuận Tây,Bóng đá,300000,39,2025-10-20
Hải Châu,Balo thể thao,350000,21,2025-10-09
Hòa Thuận Tây,Balo thể thao,350000,37,2025-10-23
Hòa Thuận Đông,Bóng đá,300000,14,2025-10-25
An Hải Bắc,Áo đấu,250000,49,2025-10-13
Thanh Bình,Giày thể thao,1200000,20,2025-10-12
Hòa Thuận Tây,Giày thể thao,1200000,1,2025-10-12
Hòa Thuận Tây,Áo đấu,250000,47,2025-10-28
Hòa Thuận Đông,Găng tay,150000,14,2025-10-16
An Hải Bắc,Găng tay,150000,28,2025-10-16
Hòa Thuận Tây,Găng tay,150000,25,2025-10-09
Hòa Thuận Tây,Bóng đá,300000,33,2025-10-28
Phước Ninh,Bóng đá,300000,28,2025-10-01
Phước Ninh,Găng tay,150000,30,2025-10-02
Bình Thuận,Balo thể thao,350000,18,2025-10-09
